序号,链接,节点数
0,https://1j3YVx.absslk.xyz/fa7d5ab13998ed387fb76b485e12dab6,0
1,https://Rtzq8T.mcsslk.xyz/fc02c3e7427bfa5afe539b3a7261e5c3,0
2,https://gitlab.com/colloq168/nodefiltrate/-/raw/main/filtrate?ref_type=heads,0
3,https://raw.githubusercontent.com/Alvin9999/pac2/master/clash.meta2/1/config.yaml,0
4,https://raw.githubusercontent.com/Alvin9999/pac2/master/clash.meta2/13/config.yaml,0
5,https://raw.githubusercontent.com/Alvin9999/pac2/master/clash.meta2/15/config.yaml,0
6,https://raw.githubusercontent.com/Alvin9999/pac2/master/clash.meta2/2/config.yaml,0
7,https://raw.githubusercontent.com/Alvin9999/pac2/master/clash.meta2/config.yaml,0
8,https://raw.githubusercontent.com/Huibq/TrojanLinks/master/links/vmess,0
9,https://raw.githubusercontent.com/Surfboardv2ray/TGParse/main/python/hy2,107
10,https://raw.githubusercontent.com/Surfboardv2ray/TGParse/main/python/hysteria2,51
11,https://raw.githubusercontent.com/qjlxg/hy2/main/splitted/hy2,0
12,https://raw.githubusercontent.com/ripaojiedian/freenode/main/clash,21
13,https://raw.githubusercontent.com/ripaojiedian/freenode/main/sub,23
14,https://raw.githubusercontent.com/zhangkaiitugithub/passcro/main/speednodes.yaml,285
15,dynamic://peasoft,0

总计,,401
